{
  "AIzaSyDXv04sjuSLDoiedo5QaSSb_W-qK8_VVKY": [
    1764263215.5045817,
    1764263215.5055866,
    1764263275.7599657,
    1764263275.7611895,
    1764263395.6036963,
    1764263440.4923143,
    1764263498.285462,
    1764263797.3235073,
    1764263880.1182415,
    1764263912.6595263,
    1764263947.1050525,
    1764263979.5111487,
    1764264014.468669,
    1764264044.4014828,
    1764264147.1880755,
    1764264199.8175642,
    1764264229.4736013,
    1764264280.3735328,
    1764264318.2612274,
    1764264396.0988877,
    1764264431.4314196,
    1764264479.645662,
    1764264549.5072494,
    1764264650.112515,
    1764264873.4088507
  ],
  "AIzaSyBet3a8JBqwV6xZmmysVrp9SMkspI7cQ38": [
    1764263215.5064127,
    1764263215.5064127,
    1764263275.9529526,
    1764264256.0502708
  ],
  "AIzaSyCPADJWoaTcoj7Vnpw78eIm4hceqiQSjt0": [
    1764263215.5074232,
    1764263215.5079348
  ],
  "AIzaSyBbQLPHSkexWG6U6SkQShLbnYPokuJhWgM": [
    1764263215.5089433,
    1764263215.5089433
  ],
  "AIzaSyAsyOnx4BrYQ_ZfCYlIaDwjEO54b8jzn8c": [
    1764263215.5099516,
    1764263215.5106792
  ],
  "AIzaSyDmzzbomBsDppvJo38Uq2fhq5YIgpiKLpQ": [
    1764263242.991172,
    1764263242.994594
  ],
  "AIzaSyAnXXjri1PqgEdXx0t4rR3uZOEHUp1nOy0": [
    1764263242.9956408,
    1764263242.996415
  ],
  "AIzaSyDb4xEgAvm8fDBFXJ57y9jIhXdCIu2TYbo": [
    1764263242.99742,
    1764263242.99742
  ],
  "AIzaSyCTvhmmknhqXuiGZe_76sekJ3ZJuHl2UaA": [
    1764263242.998669,
    1764263243.2264085
  ],
  "AIzaSyCdM-AKyIFeZFjNop1dmG71Mnv3Gmm1pvM": [
    1764263243.2273612,
    1764263243.2287073
  ],
  "AIzaSyBXBdUTjW2GBJu0_YKOn2IhHf0raXmStU4": [
    1764263274.801109,
    1764263274.803801
  ],
  "AIzaSyDtSlnQyTOB2kPNYMXmImNODk1kL_MDykM": [
    1764263274.8065543,
    1764263274.8081527
  ]
}